Source_Name,GLON,GLAT,Source_Class
Crab,184.5575438,-5.78427369,psr
Sag A*,0.0,0.0,bh
Cas A,111.74169477,-2.13544151,snr
Vela Junior,266.25914205,-1.21985818,snr
